{
  "version": "3.4.0-dev",
  "features": [
    "perplexity",
    "burstiness",
    "entropy_cv",
    "diveye_skew",
    "diveye_excess_kurt",
    "diveye_spectral_flatness",
    "diveye_autocorr_lag1",
    "gltr_top10_frac",
    "gltr_top100_frac",
    "sent_len_cv",
    "sent_len_short_frac",
    "sent_len_long_frac",
    "sent_len_equal_mid_frac",
    "punct_comma_density",
    "punct_density",
    "trans_density",
    "curv_mean",
    "bino_lp_diff"
  ],
  "mean": [
    619.6369874866731,
    0.1755741834516848,
    0.01697009654018048,
    1.4971304967549914,
    0.9039483421371659,
    0.5546296657859892,
    -0.10540427824383798,
    0.2028606755572612,
    0.03534840020543419,
    0.3700557782118293,
    0.04408247638840713,
    0.46183071911013135,
    0.22708200839348844,
    4.126560213052873,
    8.532063813917242,
    8.741710308264157,
    0.7612137154348247,
    -3.1746424423037647
  ],
  "scale": [
    158.1824657913935,
    0.08215821861802654,
    0.039036578860042706,
    0.5224258452778846,
    2.3248871936393125,
    0.05515103531457172,
    0.1078878047036584,
    0.06368963299441444,
    0.019668998670990655,
    0.2203482516580964,
    0.10301517797671553,
    0.2807450903191579,
    0.20204526718948104,
    1.7854924485892962,
    2.3061919213388116,
    9.567410219464794,
    0.4944024352280494,
    0.8680111673178765
  ],
  "coef": [
    -1.5526171153902486,
    -0.00024348663437394238,
    0.06457886132119049,
    -1.1856912428786703,
    0.5388725561223962,
    -0.05014093076604179,
    -0.11089168415237917,
    -2.2195217004923893,
    -0.7127642904597544,
    -1.2059067253967983,
    -0.010745114259010053,
    0.7533872543482873,
    0.7158137877991164,
    -1.0598199818009675,
    0.10563525702593107,
    0.7887853568254056,
    0.24198104896512754,
    1.285562511159615
  ],
  "intercept": -0.22069904414778618,
  "trained_on": "hc3_chinese_all.jsonl",
  "n_train": 2400,
  "n_holdout": 600,
  "holdout_accuracy": 0.8383333333333334,
  "backend": "sklearn"
}