{
  "version": "3.4.0-dev",
  "features": [
    "perplexity",
    "burstiness",
    "entropy_cv",
    "diveye_skew",
    "diveye_excess_kurt",
    "diveye_spectral_flatness",
    "diveye_autocorr_lag1",
    "gltr_top10_frac",
    "gltr_top100_frac",
    "sent_len_cv",
    "sent_len_short_frac",
    "sent_len_long_frac",
    "sent_len_equal_mid_frac",
    "punct_comma_density",
    "punct_density",
    "trans_density",
    "curv_mean",
    "bino_lp_diff",
    "uni_tri_ratio"
  ],
  "mean": [
    619.6369874866731,
    0.1755741834516848,
    0.01697009654018048,
    1.4971304967549914,
    0.9039483421371659,
    0.5546296657859892,
    -0.10540427824383798,
    0.2028606755572612,
    0.03534840020543419,
    0.3700557782118293,
    0.04408247638840713,
    0.46183071911013135,
    0.22708200839348844,
    4.126560213052873,
    8.532063813917242,
    8.741710308264157,
    0.7612137154348247,
    -3.1746424423037647,
    2.372020634391233
  ],
  "scale": [
    158.1824657913935,
    0.08215821861802654,
    0.039036578860042706,
    0.5224258452778846,
    2.3248871936393125,
    0.05515103531457172,
    0.1078878047036584,
    0.06368963299441444,
    0.019668998670990655,
    0.2203482516580964,
    0.10301517797671553,
    0.2807450903191579,
    0.20204526718948104,
    1.7854924485892962,
    2.3061919213388116,
    9.567410219464794,
    0.4944024352280494,
    0.8680111673178765,
    1.4420772072026975
  ],
  "coef": [
    -1.3458059183777422,
    -0.006406300679545332,
    0.06835951931253233,
    -1.3745049777146905,
    0.5592409353071296,
    -0.02910698638905915,
    -0.11883905057815616,
    -2.1383556925546703,
    -0.6943203643823852,
    -1.2038226954230382,
    -0.01212792865524929,
    0.7651026452437772,
    0.7197694018025272,
    -1.0508365140591802,
    0.10790655749391381,
    0.7913407500636508,
    0.2259022072227541,
    1.2840880689576735,
    0.1913923332107936
  ],
  "intercept": -0.21401622349013036,
  "trained_on": "hc3_chinese_all.jsonl",
  "n_train": 2400,
  "n_holdout": 600,
  "holdout_accuracy": 0.8433333333333334,
  "backend": "sklearn"
}