{
  "version": "5.0.0-longform",
  "features": [
    "perplexity",
    "burstiness",
    "entropy_cv",
    "diveye_skew",
    "diveye_excess_kurt",
    "diveye_spectral_flatness",
    "diveye_autocorr_lag1",
    "gltr_top10_frac",
    "gltr_top100_frac",
    "sent_len_cv",
    "sent_len_short_frac",
    "sent_len_long_frac",
    "sent_len_equal_mid_frac",
    "punct_comma_density",
    "punct_density",
    "trans_density",
    "curv_mean",
    "bino_lp_diff",
    "uni_tri_ratio",
    "wiki_vs_human",
    "wiki_vs_primary",
    "news_vs_human",
    "para_sent_len_cv_avg",
    "paragraph_length_cv"
  ],
  "mean": [
    700.3795788614152,
    0.23164231394087978,
    0.11395211248861259,
    1.7186765520314806,
    1.7238376292114355,
    0.5660520470344825,
    -0.025391414342561803,
    0.17149218272825684,
    0.039540596087793485,
    0.5474343305080968,
    0.11308281325689988,
    0.38936813606615883,
    0.2729213984473138,
    5.1223547522092145,
    10.636028913486962,
    3.906333266114554,
    0.48753889339590295,
    -0.9714258206232056,
    2.4386507910465705,
    -1.3862601958046383,
    0.4148343751814293,
    0.2203235866900036,
    0.34536831570678217,
    0.486477200125057
  ],
  "scale": [
    171.36566975966994,
    0.056479977367103675,
    0.04708928006821904,
    0.5032166261732285,
    1.8414282925700909,
    0.0388579880769389,
    0.07141587621977502,
    0.06654570379535583,
    0.011669084833135659,
    0.15834862971063315,
    0.09470505857782438,
    0.2110451668736618,
    0.1231236608856365,
    1.5078827496948828,
    2.157417735302464,
    3.454719546059464,
    0.5317486214099505,
    0.5778340568857524,
    0.6066797990808538,
    0.4326528548230271,
    0.685142880463718,
    0.33911580525196355,
    0.14011821175391864,
    0.23061145309199607
  ],
  "coef": [
    -0.68539423281765,
    0.8949128718839955,
    -0.738785120376277,
    -0.15000933463134644,
    0.011874791120977907,
    -0.06222126277265991,
    -0.07325140713701886,
    0.5216778630511649,
    -0.8087268425302697,
    -1.1422522968938476,
    -0.2923426907856426,
    -0.4687294534276723,
    0.20597589360575358,
    -0.7155503334303556,
    1.7962627913299867,
    0.15224710137791783,
    0.5568461889952883,
    -0.713065536070275,
    1.0555650748966383,
    0.625758275839547,
    -0.9965361612482593,
    0.381636642815644,
    -0.2036015392963576,
    -1.9903014850232226
  ],
  "intercept": -0.13784554584683473,
  "trained_on": "AI long-form (n=170) + Human novel/news (n=170)",
  "n_train": 272,
  "n_holdout": 68,
  "holdout_accuracy": 0.9558823529411765,
  "backend": "sklearn"
}