{
  "version": "4.2.1-longform-expanded",
  "features": [
    "perplexity",
    "burstiness",
    "entropy_cv",
    "diveye_skew",
    "diveye_excess_kurt",
    "diveye_spectral_flatness",
    "diveye_autocorr_lag1",
    "gltr_top10_frac",
    "gltr_top100_frac",
    "sent_len_cv",
    "sent_len_short_frac",
    "sent_len_long_frac",
    "sent_len_equal_mid_frac",
    "punct_comma_density",
    "punct_density",
    "trans_density",
    "curv_mean",
    "bino_lp_diff",
    "uni_tri_ratio",
    "wiki_vs_human",
    "wiki_vs_primary",
    "news_vs_human"
  ],
  "mean": [
    688.9754509393863,
    0.24059186621693757,
    0.07313425331204296,
    1.7006872500232504,
    1.64608310041783,
    0.5659575334052143,
    -0.03639466501204113,
    0.17556601835958863,
    0.03716611692077761,
    0.5418131468051821,
    0.0901977792117345,
    0.44189318604518435,
    0.2540038008762317,
    5.0326301755495075,
    10.339159959019838,
    4.331206391934478,
    0.5580824317282315,
    -1.0469078647498122,
    2.4214548257462707,
    -1.3182362117946753,
    0.27132834704487074,
    0.26043609916752647
  ],
  "scale": [
    167.86361484693325,
    0.05400694119834971,
    0.05984845881796299,
    0.5170999447691812,
    2.019115130844295,
    0.03859670768350493,
    0.07188818551977319,
    0.06513351480388681,
    0.012521923250750442,
    0.14663318521387064,
    0.08969210008196053,
    0.20014874318296214,
    0.11408627322209686,
    1.4609452639756575,
    1.9949301499619332,
    3.3555898035097362,
    0.5203726058750189,
    0.5380413280779993,
    0.5283745256604854,
    0.4362546091470201,
    0.6466214974878346,
    0.36527260282678575
  ],
  "coef": [
    -0.8905491532245864,
    -0.041061378021376195,
    1.09128317167146,
    -0.3566473802372746,
    0.2364194933748897,
    -0.18007407994372243,
    0.5925917496865334,
    1.065327824085264,
    -0.5913585667215036,
    -1.912633605075728,
    0.3418585191500542,
    0.14802390003493046,
    0.623898275462836,
    -0.6779663737857566,
    0.5277666115228156,
    0.4251446866205777,
    0.10450045899851786,
    -0.4501535824916482,
    0.9179328758540504,
    0.21522862503288506,
    -0.5197719413282954,
    -0.31283061100030357
  ],
  "intercept": 0.06786699837017557,
  "trained_on": "AI long-form 170 + Human novel/news 170",
  "n_train": 272,
  "holdout_accuracy": 0.8970588235294118,
  "backend": "sklearn"
}