{
  "version": "3.4.0-dev",
  "features": [
    "perplexity",
    "burstiness",
    "entropy_cv",
    "diveye_skew",
    "diveye_excess_kurt",
    "diveye_spectral_flatness",
    "diveye_autocorr_lag1",
    "gltr_top10_frac",
    "gltr_top100_frac",
    "sent_len_cv",
    "sent_len_short_frac",
    "sent_len_long_frac",
    "sent_len_equal_mid_frac",
    "punct_comma_density",
    "punct_density",
    "trans_density",
    "curv_mean",
    "bino_lp_diff",
    "uni_tri_ratio",
    "wiki_vs_human",
    "wiki_vs_primary",
    "news_vs_human"
  ],
  "mean": [
    620.0627158216283,
    0.17525126862980064,
    0.015179354421265553,
    1.496441308748779,
    0.9010096334381087,
    0.5521871347678546,
    -0.0993457032515315,
    0.2019772834524274,
    0.036047702837440465,
    0.3698805887155524,
    0.04125253002100918,
    0.47669503228681753,
    0.20822071435319195,
    4.0271963457917,
    8.39159309196964,
    7.72376609547908,
    0.7473869403519137,
    -3.1029387096215078,
    2.3105713542721085,
    -2.3684125010943218,
    -0.7345262085271856,
    -1.322177531578153
  ],
  "scale": [
    154.956587908772,
    0.08327765927774998,
    0.03601912460265238,
    0.5152891818315695,
    2.246701004535393,
    0.0536700481404073,
    0.10600660458642566,
    0.06075494174087748,
    0.020329905761618652,
    0.23434080297867016,
    0.09330025791077255,
    0.2860445622063328,
    0.18956249123085706,
    1.7313205065761115,
    2.170382655455376,
    9.10813341136918,
    0.46321821245290035,
    0.9234433736456201,
    0.9870686545928157,
    1.231994535548186,
    0.8053093925478778,
    1.2449795305436022
  ],
  "coef": [
    0.07527316996537423,
    0.0730855840949123,
    -0.012664582398610085,
    -0.38588026217412286,
    -0.708330960490593,
    -0.1306379990794532,
    0.21793828650484076,
    -0.3756541519914604,
    -0.507730365731283,
    -1.6239977357694135,
    -0.022071281063097956,
    0.9226640053700874,
    0.9963567996271488,
    -1.246558413996458,
    0.5224515068738882,
    0.5874781551221706,
    -0.07864671460161869,
    -0.27065203112116853,
    1.0366560172857973,
    0.8159153766547519,
    -1.5585750294552885,
    2.488249316721986
  ],
  "intercept": -0.587182185711583,
  "trained_on": "hc3_chinese_all.jsonl",
  "n_train": 480,
  "n_holdout": 120,
  "holdout_accuracy": 0.8666666666666667,
  "backend": "sklearn"
}